Date,Price,Open,High,Low,Vol.,Change %
5/17/2009,43.75,40.0,45.0,39.75,595.70K,10.06%
5/24/2009,42.0,44.0,44.5,41.5,386.50K,-4.00%
5/31/2009,41.75,41.75,43.5,41.0,178.20K,-0.60%
6/7/2009,43.0,42.0,43.5,41.25,854.30K,2.99%
6/14/2009,49.5,42.5,50.0,41.75,1.58M,15.12%
6/21/2009,49.25,50.0,51.0,48.0,427.70K,-0.51%
6/28/2009,47.5,50.0,50.0,46.75,165.20K,-3.55%
7/5/2009,45.5,46.75,48.0,45.0,57.80K,-4.21%
7/12/2009,46.0,46.0,47.0,44.75,180.20K,1.10%
7/19/2009,47.0,46.0,48.5,46.0,234.70K,2.17%
7/26/2009,47.5,47.25,48.5,46.0,406.00K,1.06%
8/2/2009,45.5,47.5,47.5,45.5,162.50K,-4.21%
8/9/2009,42.0,45.0,45.25,40.25,502.30K,-7.69%
8/16/2009,42.75,42.0,44.75,41.75,287.20K,1.79%
8/23/2009,42.0,42.0,43.0,41.5,366.00K,-1.75%
8/30/2009,41.0,42.0,42.5,40.0,325.90K,-2.38%
9/6/2009,45.25,41.5,46.0,41.5,446.60K,10.37%
9/13/2009,46.25,44.75,47.25,42.0,579.70K,2.21%
9/20/2009,44.0,45.0,46.0,43.25,166.80K,-4.86%
9/27/2009,45.0,44.5,46.0,44.0,326.60K,2.27%
10/4/2009,47.5,45.5,48.0,45.0,1.14M,5.56%
10/11/2009,47.0,46.75,48.0,45.25,144.40K,-1.05%
10/18/2009,46.0,45.5,46.0,41.5,147.20K,-2.13%
10/25/2009,44.0,46.0,46.75,43.75,180.40K,-4.35%
11/1/2009,43.25,43.5,44.5,41.5,190.60K,-1.70%
11/8/2009,43.75,43.0,44.0,41.0,129.00K,1.16%
11/15/2009,41.25,43.0,43.5,41.25,57.90K,-5.71%
11/22/2009,39.75,41.25,42.0,39.5,93.80K,-3.64%
11/29/2009,42.0,40.5,43.0,40.0,83.20K,5.66%
12/6/2009,43.5,42.0,44.0,42.0,130.60K,3.57%
12/13/2009,44.5,44.0,45.0,41.5,84.10K,2.30%
12/20/2009,47.0,44.0,47.0,43.5,340.60K,5.62%
12/27/2009,46.5,46.75,47.0,44.25,36.20K,-1.06%
1/3/2010,43.0,46.0,46.5,42.0,125.40K,-7.53%
1/10/2010,43.5,43.0,43.75,42.25,101.80K,1.16%
1/17/2010,43.25,43.0,43.5,41.25,321.30K,-0.57%
1/24/2010,42.0,43.5,43.5,41.5,36.50K,-2.89%
1/31/2010,42.0,42.25,43.5,41.75,245.00K,0.00%
2/7/2010,42.0,42.75,43.5,40.5,120.30K,0.00%
2/14/2010,40.0,42.0,42.0,40.0,167.90K,-4.76%
2/21/2010,39.5,40.25,40.5,38.5,174.50K,-1.25%
2/28/2010,37.0,39.25,39.75,36.25,416.40K,-6.33%
3/7/2010,37.5,38.0,38.25,36.5,143.90K,1.35%
3/14/2010,36.75,38.0,39.0,36.0,116.10K,-2.00%
3/21/2010,36.25,37.0,37.75,36.0,102.30K,-1.36%
3/28/2010,36.25,36.25,37.0,36.0,27.90K,0.00%
4/4/2010,37.75,36.25,39.0,36.25,73.30K,4.14%
4/11/2010,38.0,37.75,39.5,37.75,77.80K,0.66%
4/18/2010,36.5,38.5,39.5,36.25,419.80K,-3.95%
4/25/2010,37.0,36.5,38.25,36.5,192.00K,1.37%
5/2/2010,37.5,37.0,39.0,36.0,968.40K,1.35%
5/9/2010,38.25,38.0,39.0,36.0,2.88M,2.00%
5/16/2010,37.0,38.0,39.0,37.0,299.70K,-3.27%
5/23/2010,37.25,37.0,37.5,36.0,27.60K,0.68%
5/30/2010,36.25,37.0,37.25,36.0,831.90K,-2.68%
6/6/2010,38.0,37.75,38.75,36.0,278.70K,4.83%
6/13/2010,38.0,38.0,38.75,37.0,168.30K,0.00%
6/20/2010,36.5,37.25,38.5,36.25,404.40K,-3.95%
6/27/2010,36.75,36.5,38.0,36.25,280.10K,0.68%
7/4/2010,35.25,37.5,37.5,35.0,306.30K,-4.08%
7/11/2010,35.5,35.0,36.5,35.0,289.00K,0.71%
7/18/2010,37.0,35.5,37.0,35.0,179.60K,4.23%
7/25/2010,37.0,36.0,38.0,35.25,536.30K,0.00%
8/1/2010,37.5,37.6,39.4,36.4,465.90K,1.35%
8/8/2010,38.5,36.5,39.4,35.0,200.00K,2.67%
8/15/2010,40.0,38.6,42.0,37.8,1.01M,3.90%
8/22/2010,42.5,40.0,43.0,39.9,1.55M,6.25%
8/29/2010,49.0,41.0,49.3,40.3,3.76M,15.29%
9/5/2010,46.0,50.0,50.0,45.0,457.40K,-6.12%
9/12/2010,47.4,45.7,48.5,43.0,725.80K,3.04%
9/19/2010,46.2,46.1,49.5,45.5,581.50K,-2.53%
9/26/2010,47.0,46.8,47.9,45.0,919.80K,1.73%
10/3/2010,45.9,47.0,47.5,43.5,356.80K,-2.34%
10/10/2010,46.9,46.9,47.0,40.1,423.10K,2.18%
10/17/2010,44.2,46.9,47.0,44.0,64.60K,-5.76%
10/24/2010,44.9,44.5,46.0,44.1,252.60K,1.58%
10/31/2010,46.1,45.3,47.8,45.0,279.20K,2.67%
11/7/2010,45.5,46.5,47.0,45.0,132.80K,-1.30%
11/14/2010,46.4,45.5,46.5,44.2,186.00K,1.98%
11/21/2010,45.5,46.0,48.0,45.0,571.10K,-1.94%
11/28/2010,48.8,45.5,48.8,44.0,631.30K,7.25%
12/5/2010,47.7,48.0,49.0,47.0,313.10K,-2.25%
12/12/2010,47.4,47.0,48.2,46.1,335.90K,-0.63%
12/19/2010,48.0,47.0,49.0,47.0,82.10K,1.27%
12/26/2010,48.0,47.1,51.0,47.0,534.70K,0.00%
1/2/2011,47.0,50.0,50.0,47.0,80.40K,-2.08%
1/9/2011,49.4,48.0,51.0,47.0,264.40K,5.11%
1/16/2011,57.9,48.0,58.0,48.0,1.66M,17.21%
1/23/2011,55.0,57.8,60.0,54.0,592.20K,-5.01%
1/30/2011,60.0,56.5,63.0,54.6,1.01M,9.09%
2/6/2011,62.0,60.0,64.5,59.0,593.50K,3.33%
2/13/2011,58.3,62.0,63.4,58.0,98.20K,-5.97%
2/20/2011,59.0,58.2,62.8,56.3,451.00K,1.20%
2/27/2011,56.5,59.0,60.0,56.2,126.60K,-4.24%
3/6/2011,55.3,58.0,59.9,55.0,146.40K,-2.12%
3/13/2011,55.1,56.0,57.9,51.5,139.90K,-0.36%
3/20/2011,57.5,55.0,59.0,54.0,418.60K,4.36%
3/27/2011,58.5,58.0,59.0,54.3,93.70K,1.74%
4/3/2011,57.0,58.5,59.6,55.0,98.80K,-2.56%
4/10/2011,57.5,57.0,58.0,55.2,34.10K,0.88%
4/17/2011,57.0,60.0,60.0,55.0,175.00K,-0.87%
4/24/2011,56.6,57.5,61.0,55.5,684.50K,-0.70%
5/1/2011,58.4,56.1,61.0,54.6,57.00K,3.18%
5/8/2011,56.5,61.0,61.0,56.1,125.40K,-3.25%
5/15/2011,59.0,56.5,60.0,56.2,44.30K,4.42%
5/22/2011,58.3,61.0,61.0,56.0,128.70K,-1.19%
5/29/2011,57.7,57.9,61.0,56.1,52.60K,-1.03%
6/5/2011,56.9,57.5,61.0,56.0,37.80K,-1.39%
6/12/2011,54.0,56.0,56.0,53.5,42.90K,-5.10%
6/19/2011,56.0,61.0,61.0,52.9,149.90K,3.70%
6/26/2011,54.0,57.0,61.0,53.0,411.00K,-3.57%
7/3/2011,53.6,61.0,61.0,53.0,26.70K,-0.74%
7/10/2011,53.1,54.0,54.8,50.5,423.90K,-0.93%
7/17/2011,50.2,52.8,55.0,49.0,62.80K,-5.46%
7/24/2011,52.9,50.2,54.0,49.0,143.00K,5.38%
7/31/2011,51.5,52.1,60.0,50.0,228.50K,-2.65%
8/7/2011,51.0,50.0,52.0,49.5,138.80K,-0.97%
8/14/2011,50.5,51.0,53.0,50.0,149.90K,-0.98%
8/21/2011,51.6,51.0,54.8,50.0,1.05M,2.18%
8/28/2011,53.9,53.5,54.5,51.0,120.60K,4.46%
9/4/2011,51.9,54.0,54.0,50.7,41.10K,-3.71%
9/11/2011,49.1,51.5,51.5,48.0,57.20K,-5.39%
9/18/2011,49.5,49.0,50.0,47.7,92.40K,0.81%
9/25/2011,48.0,49.5,51.0,48.0,62.10K,-3.03%
10/2/2011,51.6,49.0,51.6,47.8,192.10K,7.50%
10/9/2011,50.0,50.0,52.0,48.5,266.50K,-3.10%
10/16/2011,51.0,50.0,51.5,45.0,281.50K,2.00%
10/23/2011,49.9,50.2,52.0,48.0,17.30K,-2.16%
10/30/2011,51.0,49.0,52.0,48.0,135.80K,2.20%
11/6/2011,48.2,48.3,49.9,48.0,20.30K,-5.49%
11/13/2011,47.8,49.7,49.9,46.6,20.30K,-0.83%
11/20/2011,47.0,48.5,48.5,46.5,15.30K,-1.67%
11/27/2011,47.7,47.0,49.9,45.1,29.40K,1.49%
12/4/2011,46.0,48.5,48.9,45.3,30.30K,-3.56%
12/11/2011,45.0,45.6,50.0,44.9,32.90K,-2.17%
12/18/2011,47.0,45.0,47.0,44.0,25.30K,4.44%
12/25/2011,48.4,46.0,48.8,46.0,25.00K,2.98%
1/1/2012,47.8,48.4,48.4,46.0,10.70K,-1.24%
1/8/2012,47.0,46.5,48.5,45.5,39.90K,-1.67%
1/15/2012,45.1,45.6,48.1,44.0,35.60K,-4.04%
1/22/2012,48.9,44.1,49.9,42.5,107.40K,8.43%
1/29/2012,47.9,47.0,48.9,46.0,13.00K,-2.04%
2/5/2012,47.6,46.4,48.0,44.1,18.50K,-0.63%
2/12/2012,49.4,45.2,50.0,43.1,126.40K,3.78%
2/19/2012,46.7,48.0,49.2,46.1,73.50K,-5.47%
2/26/2012,47.5,48.9,48.9,45.0,24.41K,1.71%
3/4/2012,46.0,47.0,48.0,45.5,18.95K,-3.16%
3/11/2012,48.8,46.5,50.0,45.8,187.93K,6.09%
3/18/2012,47.0,46.7,48.0,44.5,60.17K,-3.69%
3/25/2012,46.3,47.0,47.0,45.1,9.69K,-1.49%
4/1/2012,45.9,45.1,46.0,44.7,37.64K,-0.86%
4/8/2012,45.9,45.9,45.9,44.7,9.18K,0.00%
4/15/2012,44.7,45.9,46.9,44.0,35.15K,-2.61%
4/22/2012,45.5,45.9,46.9,44.0,93.15K,1.79%
4/29/2012,43.3,45.0,45.0,42.9,408.77K,-4.84%
5/6/2012,39.3,42.8,43.3,38.0,32.67K,-9.24%
5/13/2012,39.5,39.0,39.9,37.3,59.72K,0.51%
5/20/2012,36.5,39.8,39.8,35.0,32.24K,-7.59%
5/27/2012,41.5,37.9,41.5,34.0,113.43K,13.70%
6/3/2012,42.0,41.5,43.0,36.2,134.38K,1.20%
6/10/2012,41.1,42.9,44.5,39.6,96.90K,-2.14%
6/17/2012,40.7,42.0,42.0,38.8,17.04K,-0.97%
6/24/2012,39.1,41.0,41.0,38.5,8.11K,-3.93%
7/1/2012,39.8,40.0,40.0,39.0,12.56K,1.79%
7/8/2012,38.2,39.9,40.5,38.1,24.30K,-4.02%
7/15/2012,38.1,38.0,39.5,35.2,7.79K,-0.26%
7/22/2012,38.8,38.1,38.9,36.1,63.99K,1.84%
7/29/2012,38.9,38.8,39.5,37.2,14.72K,0.26%
8/5/2012,37.0,37.7,38.5,36.1,16.90K,-4.88%
8/12/2012,38.9,37.4,39.0,36.1,35.06K,5.14%
8/19/2012,38.5,38.5,39.0,37.2,17.91K,-1.03%
8/26/2012,41.2,37.8,43.5,37.7,139.68K,7.01%
9/2/2012,44.5,41.0,45.0,39.5,145.12K,8.01%
9/9/2012,47.9,43.4,49.4,42.6,220.63K,7.64%
9/16/2012,44.3,47.4,47.5,44.3,99.13K,-7.52%
9/23/2012,45.0,44.4,46.4,43.7,94.24K,1.58%
9/30/2012,44.0,45.0,45.5,42.3,32.29K,-2.22%
10/7/2012,44.0,43.0,45.0,42.1,23.51K,0.00%
10/14/2012,44.5,42.0,44.5,40.5,30.90K,1.14%
10/21/2012,42.5,43.8,44.0,40.9,21.29K,-4.49%
10/28/2012,43.5,41.5,43.5,40.0,48.29K,2.35%
11/4/2012,42.8,42.0,43.5,41.1,22.14K,-1.61%
11/11/2012,43.2,41.8,43.5,41.2,36.42K,0.93%
11/18/2012,42.0,42.7,43.5,40.5,36.47K,-2.78%
11/25/2012,43.0,42.0,43.8,41.2,65.31K,2.38%
12/2/2012,42.9,42.9,43.3,40.1,67.71K,-0.23%
12/9/2012,43.0,42.0,44.9,41.6,269.29K,0.23%
12/16/2012,42.5,43.0,44.0,40.0,196.30K,-1.16%
12/23/2012,44.3,43.7,44.3,43.0,37.18K,4.24%
12/30/2012,43.9,44.4,44.8,42.0,82.60K,-0.90%
1/6/2013,44.9,43.0,44.9,43.0,101.71K,2.28%
1/13/2013,49.6,44.9,50.0,44.4,1.23M,10.47%
1/20/2013,48.0,49.5,49.7,46.0,30.59K,-3.23%
1/27/2013,44.0,46.1,47.9,44.0,33.07K,-8.33%
2/3/2013,43.9,45.0,45.0,43.0,32.86K,-0.23%
2/10/2013,43.0,43.9,43.9,43.0,14.58K,-2.05%
2/17/2013,44.7,43.2,44.9,42.0,144.80K,3.95%
2/24/2013,42.9,44.8,44.8,42.0,9.72K,-4.03%
3/3/2013,42.8,43.0,43.7,42.0,59.81K,-0.23%
3/10/2013,42.5,42.8,42.8,41.7,29.14K,-0.70%
3/17/2013,43.4,42.7,43.4,41.5,46.27K,2.12%
3/24/2013,44.0,43.5,44.0,41.5,84.90K,1.38%
3/31/2013,43.0,42.1,44.8,41.6,35.07K,-2.27%
4/7/2013,43.2,43.0,43.4,42.0,38.04K,0.47%
4/14/2013,43.0,43.3,43.3,42.4,36.34K,-0.46%
4/21/2013,43.3,42.6,43.7,42.2,100.15K,0.70%
4/28/2013,42.9,43.3,43.5,42.0,92.67K,-0.92%
5/5/2013,43.0,42.9,43.0,42.2,43.42K,0.23%
5/12/2013,44.9,43.5,45.5,42.1,229.71K,4.42%
5/19/2013,43.8,45.0,45.0,42.5,52.82K,-2.45%
5/26/2013,42.5,43.9,44.5,42.4,29.66K,-2.97%
6/2/2013,42.3,43.9,43.9,41.5,15.72K,-0.47%
6/9/2013,42.0,42.4,42.8,40.3,42.49K,-0.71%
6/16/2013,40.4,40.5,42.0,40.3,15.43K,-3.81%
6/23/2013,41.0,41.0,41.3,39.0,52.46K,1.49%
6/30/2013,39.9,41.6,41.6,39.0,37.94K,-2.68%
7/7/2013,40.0,39.0,41.7,39.0,42.97K,0.25%
7/14/2013,41.0,41.2,41.6,39.0,46.62K,2.50%
7/21/2013,40.9,41.0,42.0,40.0,17.05K,-0.24%
7/28/2013,40.2,39.7,40.3,39.1,12.36K,-1.71%
8/4/2013,41.0,39.3,41.2,39.0,83.11K,1.99%
8/11/2013,41.0,41.2,42.0,39.8,12.33K,0.00%
8/18/2013,39.3,41.0,41.0,39.3,2.57K,-4.15%
8/25/2013,41.0,39.4,41.5,38.0,84.03K,4.33%
9/1/2013,38.3,41.3,41.4,38.0,8.66K,-6.59%
9/8/2013,40.0,38.1,41.0,38.0,30.16K,4.44%
9/15/2013,40.5,38.9,41.0,38.1,57.35K,1.25%
9/22/2013,39.8,39.4,40.0,38.7,3.29K,-1.73%
9/29/2013,39.3,38.8,39.5,38.5,7.91K,-1.26%
10/6/2013,39.7,38.8,41.5,38.5,39.04K,1.02%
10/13/2013,39.8,38.8,40.0,38.7,7.70K,0.25%
10/20/2013,38.8,39.5,40.0,38.3,14.24K,-2.51%
10/27/2013,39.9,39.4,40.0,38.6,27.51K,2.84%
11/3/2013,38.1,39.0,39.0,38.1,12.19K,-4.51%
11/10/2013,37.5,38.1,39.0,37.0,13.30K,-1.57%
11/17/2013,38.0,38.0,38.9,37.0,10.17K,1.33%
11/24/2013,39.3,38.0,39.9,37.0,45.86K,3.42%
12/1/2013,37.6,38.0,38.9,37.6,30.29K,-4.33%
12/8/2013,37.0,37.6,38.0,37.0,23.73K,-1.60%
12/15/2013,37.0,37.2,37.5,36.1,24.17K,0.00%
12/22/2013,36.8,36.8,36.8,36.4,5.12K,-0.54%
12/29/2013,37.0,36.9,38.5,36.7,92.51K,0.54%
1/5/2014,37.1,37.0,38.5,36.8,82.69K,0.27%
1/12/2014,37.0,37.0,38.0,36.7,99.53K,-0.27%
1/19/2014,36.7,37.0,37.5,33.0,1.34M,-0.81%
1/26/2014,36.5,36.9,37.0,36.0,37.49K,-0.54%
2/2/2014,38.5,36.1,38.5,36.0,923.95K,5.48%
2/9/2014,42.5,37.3,42.7,37.2,1.03M,10.39%
2/16/2014,42.0,42.5,43.5,41.4,2.37M,-1.18%
2/23/2014,44.9,42.1,44.9,42.0,150.29K,6.90%
3/2/2014,45.0,44.8,45.5,42.7,109.46K,0.22%
3/9/2014,44.5,45.0,45.0,43.4,291.53K,-1.11%
3/16/2014,44.6,44.0,44.9,43.5,95.73K,0.22%
3/23/2014,46.9,44.0,47.4,44.0,115.09K,5.16%
3/30/2014,49.5,46.5,49.9,45.0,135.32K,5.54%
4/6/2014,48.0,49.1,49.8,46.1,124.18K,-3.03%
4/13/2014,47.0,46.0,47.5,41.5,8.66K,-2.08%
4/20/2014,48.5,44.0,49.0,43.2,74.47K,3.19%
4/27/2014,48.0,47.1,49.2,47.0,173.77K,-1.03%
5/4/2014,48.0,48.9,49.1,46.4,72.13K,0.00%
5/11/2014,48.0,48.0,49.0,46.0,28.48K,0.00%
5/18/2014,48.9,47.8,48.9,46.0,31.94K,1.88%
5/25/2014,48.7,48.7,48.8,45.0,63.21K,-0.41%
6/1/2014,47.4,48.5,48.7,46.3,11.09K,-2.67%
6/8/2014,48.0,45.6,48.0,45.6,191.18K,1.27%
6/15/2014,46.1,48.0,48.9,45.9,35.81K,-3.96%
6/22/2014,48.0,47.9,48.0,46.0,29.76K,4.12%
6/29/2014,49.6,47.0,50.0,47.0,140.00K,3.33%
7/6/2014,56.5,47.6,57.2,47.1,3.10M,13.91%
7/13/2014,56.0,56.9,57.3,53.8,430.69K,-0.88%
7/20/2014,54.9,56.0,57.0,54.0,207.33K,-1.96%
7/27/2014,56.5,54.5,57.2,53.6,223.55K,2.91%
8/3/2014,55.5,55.5,57.0,54.6,115.29K,-1.77%
8/10/2014,54.9,55.0,56.2,54.0,231.96K,-1.08%
8/17/2014,54.0,54.9,56.0,53.6,180.51K,-1.64%
8/24/2014,55.0,54.0,55.8,53.0,60.50K,1.85%
8/31/2014,53.5,54.9,54.9,53.5,59.86K,-2.73%
9/7/2014,54.5,53.4,55.5,50.5,35.30K,1.87%
9/14/2014,53.5,54.5,54.5,52.6,34.61K,-1.83%
9/21/2014,51.9,53.0,53.5,51.3,78.59K,-2.99%
9/28/2014,51.5,52.0,54.0,51.0,278.06K,-0.77%
10/5/2014,51.0,52.0,53.4,51.0,84.54K,-0.97%
10/12/2014,49.5,51.0,51.5,49.5,112.33K,-2.94%
10/19/2014,50.5,50.0,51.0,49.5,125.41K,2.02%
10/26/2014,50.5,50.1,51.9,49.8,119.48K,0.00%
11/2/2014,50.0,50.0,51.0,49.8,140.63K,-0.99%
11/9/2014,50.0,50.0,51.0,49.6,129.86K,0.00%
11/16/2014,49.9,50.5,51.7,49.0,557.37K,-0.20%
11/23/2014,47.5,49.9,50.0,45.3,49.83K,-4.81%
11/30/2014,48.9,48.0,49.5,47.3,24.78K,2.95%
12/7/2014,48.0,47.6,49.0,47.0,108.46K,-1.84%
12/14/2014,51.7,48.0,52.0,48.0,340.41K,7.71%
12/21/2014,51.4,51.4,52.0,50.0,85.53K,-0.58%
12/28/2014,51.3,50.0,51.4,49.5,36.03K,-0.19%
1/4/2015,54.0,49.9,54.9,49.9,207.70K,5.26%
1/11/2015,52.9,54.0,54.5,52.0,42.44K,-2.04%
1/18/2015,51.5,52.0,52.0,47.0,35.14K,-2.65%
1/25/2015,49.6,50.9,51.0,49.6,5.49K,-3.69%
2/1/2015,49.5,50.9,50.9,45.6,2.96K,-0.20%
2/8/2015,50.0,49.5,50.9,48.2,34.77K,1.01%
2/15/2015,49.1,49.0,50.0,48.7,19.03K,-1.80%
2/22/2015,48.5,49.5,49.5,47.0,7.00K,-1.22%
3/1/2015,47.0,49.0,49.0,46.8,64.46K,-3.09%
3/8/2015,45.6,46.6,48.0,45.6,27.20K,-2.98%
3/15/2015,45.5,46.1,46.9,45.5,7.85K,-0.22%
3/22/2015,45.0,45.6,46.5,44.8,21.13K,-1.10%
3/29/2015,48.0,44.0,49.5,44.0,79.10K,6.67%
4/5/2015,47.0,48.0,48.0,46.2,18.24K,-2.08%
4/12/2015,47.5,47.0,48.0,47.0,14.72K,1.06%
4/19/2015,47.4,47.9,49.0,46.5,70.25K,-0.21%
4/26/2015,47.1,47.5,48.0,46.0,37.52K,-0.63%
5/3/2015,47.8,48.0,48.0,46.1,32.64K,1.49%
5/10/2015,47.5,47.5,49.9,46.5,125.65K,-0.63%
5/17/2015,47.0,47.8,48.9,45.0,31.89K,-1.05%
5/24/2015,47.1,47.9,48.5,46.2,59.58K,0.21%
5/31/2015,46.0,47.5,47.5,45.1,25.64K,-2.34%
6/7/2015,45.0,47.0,47.0,45.0,15.07K,-2.17%
6/14/2015,45.0,45.0,46.3,45.0,21.69K,0.00%
6/21/2015,45.0,44.9,45.0,44.1,16.11K,0.00%
6/28/2015,44.0,45.0,45.0,43.4,33.00K,-2.22%
7/5/2015,45.0,44.0,45.0,43.0,78.37K,2.27%
7/12/2015,50.0,44.9,50.9,44.6,282.89K,11.11%
7/19/2015,49.6,50.0,50.0,47.9,28.67K,-0.80%
7/26/2015,48.0,48.9,49.7,47.3,100.01K,-3.23%
8/2/2015,47.0,48.7,49.0,47.0,15.54K,-2.08%
8/9/2015,47.5,48.0,49.0,46.9,39.80K,1.06%
8/16/2015,46.9,47.5,49.0,46.9,34.43K,-1.26%
8/23/2015,49.0,47.0,49.0,45.9,18.65K,4.48%
8/30/2015,46.0,49.0,49.0,45.9,22.44K,-6.12%
9/6/2015,46.5,47.8,48.0,46.1,34.08K,1.09%
9/13/2015,49.4,46.1,49.8,46.1,57.47K,6.24%
9/20/2015,49.3,49.2,49.5,47.1,46.09K,-0.20%
9/27/2015,49.2,49.1,49.4,47.5,50.16K,-0.20%
10/4/2015,48.7,49.1,49.3,46.8,7.09K,-1.02%
10/11/2015,48.3,47.5,48.9,47.0,12.78K,-0.82%
10/18/2015,48.0,47.5,48.0,47.0,4.12K,-0.62%
10/25/2015,48.5,47.0,49.2,47.0,40.93K,1.04%
11/1/2015,48.4,47.3,48.4,46.7,16.77K,-0.21%
11/8/2015,49.0,48.5,49.5,47.1,22.50K,1.24%
11/15/2015,48.3,48.8,48.8,47.1,17.16K,-1.43%
11/22/2015,47.9,48.0,49.0,45.1,28.30K,-0.83%
11/29/2015,47.4,47.1,48.0,46.9,5.08K,-1.04%
12/6/2015,46.0,46.7,47.0,45.5,4.44K,-2.95%
12/13/2015,47.0,46.6,47.0,45.0,3.90K,2.17%
12/20/2015,47.4,47.4,47.4,47.4,0.20K,0.85%
12/27/2015,47.0,45.6,47.5,45.3,7.78K,-0.84%
1/3/2016,45.7,45.6,46.4,44.1,6.40K,-2.77%
1/10/2016,40.4,45.0,45.5,40.0,223.43K,-11.60%
1/17/2016,40.0,41.9,43.9,40.0,16.71K,-0.99%
1/24/2016,40.0,40.2,40.5,39.2,125.73K,0.00%
1/31/2016,40.0,40.0,41.5,39.9,96.39K,0.00%
2/7/2016,38.4,40.0,40.0,38.2,16.96K,-4.00%
2/14/2016,37.5,38.4,39.5,36.5,8.39K,-2.34%
2/21/2016,34.8,37.5,37.5,33.0,1.08M,-7.20%
2/28/2016,35.4,34.8,37.0,34.0,252.46K,1.72%
3/6/2016,37.6,35.4,37.6,31.2,24.99K,6.21%
3/13/2016,37.8,37.9,41.0,37.0,12.90K,0.53%
3/20/2016,39.0,39.6,40.0,38.1,4.84K,3.17%
3/27/2016,39.0,39.0,39.0,37.0,18.79K,0.00%
4/3/2016,40.6,39.0,41.0,38.2,75.32K,4.10%
4/10/2016,39.5,40.6,40.6,39.5,14.43K,-2.71%
4/17/2016,40.0,39.5,40.0,39.0,7.32K,1.27%
4/24/2016,39.9,40.0,40.0,38.1,27.67K,-0.25%
5/1/2016,42.4,40.0,43.0,39.7,123.55K,6.27%
5/8/2016,42.7,42.2,45.0,40.2,106.20K,0.71%
5/15/2016,41.5,42.0,43.0,40.1,76.45K,-2.81%
5/22/2016,40.6,41.0,42.9,39.6,11.65K,-2.17%
5/29/2016,38.5,42.0,42.0,37.7,8.49K,-5.17%
6/5/2016,41.8,39.9,42.0,39.0,49.49K,8.57%
6/12/2016,39.0,41.8,41.8,39.0,26.93K,-6.70%
6/19/2016,38.0,39.2,39.5,38.0,3.77K,-2.56%
6/26/2016,39.8,38.0,39.8,36.7,14.81K,4.74%
7/3/2016,37.9,37.5,38.0,36.6,36.83K,-4.77%
7/10/2016,38.9,37.5,39.4,37.0,17.04K,2.64%
7/17/2016,38.5,38.9,39.4,38.0,4.60K,-1.03%
7/24/2016,37.0,38.0,39.0,36.0,19.73K,-3.90%
7/31/2016,38.5,36.6,38.8,36.5,34.75K,4.05%
8/7/2016,36.8,37.8,38.7,36.8,47.91K,-4.42%
8/14/2016,37.2,36.8,37.8,36.6,28.25K,1.09%
8/21/2016,37.0,37.2,37.2,36.7,17.08K,-0.54%
8/28/2016,36.3,36.8,37.0,36.2,31.88K,-1.89%
9/4/2016,36.6,37.0,37.0,35.8,63.65K,0.83%
9/11/2016,37.5,36.7,38.4,36.5,45.38K,2.46%
9/18/2016,38.0,37.1,38.3,36.7,20.04K,1.33%
9/25/2016,38.8,37.0,39.0,37.0,31.96K,2.11%
10/2/2016,38.0,38.8,39.9,38.0,21.80K,-2.06%
10/9/2016,37.0,38.0,39.0,36.7,11.34K,-2.63%
10/16/2016,37.1,37.1,37.7,35.3,21.72K,0.27%
10/23/2016,36.7,36.2,37.0,35.2,50.47K,-1.08%
10/30/2016,35.9,35.7,36.8,35.7,2.44K,-2.18%
11/6/2016,37.0,36.0,37.4,35.4,29.25K,3.06%
11/13/2016,35.5,36.1,37.2,35.5,6.90K,-4.05%
11/20/2016,35.0,35.5,35.5,33.3,16.35K,-1.41%
11/27/2016,35.4,35.0,36.0,34.6,56.61K,1.14%
12/4/2016,35.0,35.4,37.0,34.6,12.63K,-1.13%
12/11/2016,33.5,34.8,34.8,33.5,8.06K,-4.29%
12/18/2016,34.5,33.8,34.5,33.8,2.26K,2.99%
12/25/2016,36.5,35.0,36.5,34.0,8.01K,5.80%
1/1/2017,35.0,35.0,35.8,35.0,5.01K,-4.11%
1/8/2017,36.7,35.0,36.7,34.0,30.47K,4.86%
1/15/2017,35.4,36.4,36.6,35.0,14.88K,-3.54%
1/22/2017,35.0,34.2,35.8,34.2,6.36K,-1.13%
1/29/2017,35.0,35.4,36.0,34.0,22.53K,0.00%
2/5/2017,35.0,34.0,36.0,34.0,4.49K,0.00%
2/12/2017,34.0,34.5,35.5,34.0,9.96K,-2.86%
2/19/2017,34.7,33.8,34.9,33.0,8.95K,2.06%
2/26/2017,33.0,34.6,35.0,33.0,14.35K,-4.90%
3/5/2017,34.7,34.0,35.8,34.0,44.50K,5.15%
3/12/2017,34.3,35.0,35.0,33.0,6.34K,-1.15%
3/19/2017,32.2,34.3,34.3,32.1,28.45K,-6.12%
3/26/2017,33.6,33.0,33.7,32.1,23.39K,4.35%
4/2/2017,33.0,33.7,34.8,32.5,20.48K,-1.79%
4/9/2017,33.9,34.0,34.0,33.0,12.15K,2.73%
4/16/2017,35.0,33.5,35.9,33.5,57.70K,3.24%
4/23/2017,35.3,35.0,35.5,33.9,12.78K,0.86%
4/30/2017,35.0,35.5,35.5,34.5,19.43K,-0.85%
5/7/2017,34.4,35.0,36.0,34.4,41.17K,-1.71%
5/14/2017,33.9,35.0,35.0,33.6,44.18K,-1.45%
5/21/2017,33.3,33.9,33.9,33.0,20.53K,-1.77%
5/28/2017,33.0,33.0,33.3,32.5,20.47K,-0.90%
6/4/2017,32.8,33.0,33.0,31.5,27.06K,-0.61%
6/11/2017,32.6,32.0,32.9,30.8,90.75K,-0.61%
6/18/2017,32.0,32.6,32.8,31.2,13.89K,-1.84%
6/25/2017,32.0,32.0,32.4,31.5,8.42K,0.00%
7/2/2017,31.3,31.9,31.9,30.8,16.16K,-2.19%
7/9/2017,32.3,31.3,32.8,31.3,139.82K,3.19%
7/16/2017,31.6,32.0,32.3,31.6,33.60K,-2.17%
7/23/2017,32.4,31.6,32.4,31.5,16.59K,2.53%
7/30/2017,31.3,32.0,32.4,31.2,13.43K,-3.40%
8/6/2017,31.8,31.2,32.0,31.0,25.46K,1.60%
8/13/2017,30.9,31.8,31.8,30.0,35.53K,-2.83%
8/20/2017,30.3,30.7,30.9,30.1,10.68K,-1.94%
8/27/2017,30.0,30.0,30.3,29.5,14.48K,-0.99%
9/3/2017,28.5,30.0,30.0,28.2,53.14K,-5.00%
9/10/2017,28.5,29.0,29.5,28.4,61.84K,0.00%
9/17/2017,28.5,29.8,30.4,28.0,74.05K,0.00%
9/24/2017,29.0,28.5,29.0,28.3,42.17K,1.75%
10/1/2017,29.6,28.9,30.0,28.7,44.09K,2.07%
10/8/2017,31.5,29.0,31.9,29.0,102.05K,6.42%
10/15/2017,30.5,31.5,31.9,30.0,12.56K,-3.17%
10/22/2017,30.0,30.5,31.3,30.0,8.20K,-1.64%
10/29/2017,30.6,30.1,31.0,29.7,7.16K,2.00%
11/5/2017,30.5,30.6,31.2,29.4,15.66K,-0.33%
11/12/2017,30.0,29.8,30.4,29.0,23.94K,-1.64%
11/19/2017,30.0,30.0,31.5,28.0,30.19K,0.00%
11/26/2017,29.5,30.0,30.0,28.7,5.36K,-1.67%
12/3/2017,29.0,28.9,29.0,28.5,3.34K,-1.69%
12/10/2017,28.1,29.0,29.0,27.9,32.12K,-3.10%
12/17/2017,27.2,28.5,28.5,27.0,22.12K,-3.20%
12/24/2017,28.4,27.8,28.9,27.5,11.38K,4.41%
12/31/2017,29.5,28.9,30.0,28.0,9.05K,3.87%
1/7/2018,28.7,30.0,30.0,27.5,48.15K,-2.71%
1/14/2018,28.3,28.7,28.7,27.5,11.43K,-1.39%
1/21/2018,28.3,28.0,28.3,27.6,6.32K,0.00%
1/28/2018,27.9,28.0,29.5,27.5,32.97K,-1.41%
2/4/2018,29.2,27.8,29.3,27.8,16.22K,4.66%
2/11/2018,28.8,29.1,29.5,28.0,24.95K,-1.37%
2/18/2018,28.0,28.8,28.8,27.5,7.35K,-2.78%
2/25/2018,28.0,28.0,28.6,26.9,25.01K,0.00%
3/4/2018,28.0,27.6,28.5,27.4,18.29K,0.00%
3/11/2018,27.8,28.2,28.2,27.5,6.95K,-0.71%
3/18/2018,27.0,27.6,28.0,26.6,16.73K,-2.88%
3/25/2018,27.0,26.9,27.0,26.5,8.53K,0.00%
4/1/2018,27.0,27.0,28.9,26.4,38.82K,0.00%
4/8/2018,28.8,27.0,30.0,26.5,35.68K,6.67%
4/15/2018,28.0,28.9,29.0,26.7,14.76K,-2.78%
4/22/2018,28.0,28.0,29.9,27.5,18.34K,0.00%
4/29/2018,27.8,28.0,28.0,27.1,10.27K,-0.71%
5/6/2018,26.6,27.2,27.8,26.5,24.54K,-4.32%
5/13/2018,26.0,27.0,27.0,25.6,28.81K,-2.26%
5/20/2018,26.0,26.5,27.1,25.5,16.77K,0.00%
5/27/2018,25.5,26.1,26.7,24.5,19.37K,-1.92%
6/3/2018,25.2,25.4,27.0,25.1,21.10K,-1.18%
6/10/2018,24.6,25.1,25.2,24.0,27.97K,-2.38%
6/17/2018,24.4,24.1,25.8,23.8,28.59K,-0.81%
6/24/2018,24.8,25.6,26.0,23.7,35.19K,1.64%
7/1/2018,24.9,24.0,26.0,24.0,8.72K,0.40%
7/8/2018,24.6,24.9,25.9,23.9,10.22K,-1.20%
7/15/2018,24.9,24.5,25.3,23.8,8.83K,1.22%
7/22/2018,23.8,24.2,25.0,23.8,6.23K,-4.42%
7/29/2018,24.4,23.8,24.8,23.5,8.71K,2.52%
8/5/2018,23.5,24.0,24.7,23.5,10.33K,-3.69%
8/12/2018,22.8,23.7,24.2,22.5,15.07K,-2.98%
8/19/2018,22.9,22.9,23.0,22.1,7.11K,0.44%
8/26/2018,22.3,22.8,23.0,21.7,37.68K,-2.62%
9/2/2018,22.6,22.1,22.6,21.5,29.69K,1.35%
9/9/2018,22.0,22.0,22.6,21.9,17.53K,-2.65%
9/16/2018,21.3,21.9,22.5,21.2,19.95K,-3.18%
9/23/2018,20.5,21.5,21.5,20.0,17.57K,-3.76%
9/30/2018,19.4,20.0,21.0,18.9,76.79K,-5.37%
10/7/2018,20.2,19.5,20.5,19.5,27.99K,4.12%
10/14/2018,20.1,20.0,20.5,19.8,12.89K,-0.50%
10/21/2018,19.5,19.8,20.2,19.5,6.76K,-2.99%
10/28/2018,22.0,20.9,23.0,20.0,84.06K,12.82%
11/4/2018,21.3,22.0,22.9,20.0,16.18K,-3.18%
11/11/2018,21.8,20.6,22.2,20.5,8.00K,2.35%
11/18/2018,20.0,21.9,21.9,20.0,12.27K,-8.26%
11/25/2018,21.7,21.0,22.2,20.0,20.85K,8.50%
12/2/2018,21.4,21.8,21.8,21.0,7.96K,-1.38%
12/9/2018,21.3,21.3,21.4,20.9,16.27K,-0.47%
12/16/2018,21.5,21.3,22.0,20.9,12.62K,0.94%
12/23/2018,23.0,21.5,23.5,21.1,52.40K,6.98%
12/30/2018,24.6,22.5,27.5,22.5,48.13K,6.96%
1/6/2019,23.3,25.0,25.5,22.0,43.88K,-5.28%
1/13/2019,23.0,24.0,24.0,23.0,10.17K,-1.29%
1/20/2019,23.0,23.0,24.9,22.0,24.84K,0.00%
1/27/2019,23.0,23.0,24.0,22.4,6.19K,0.00%
2/3/2019,22.9,22.6,23.0,22.0,14.38K,-0.43%
2/10/2019,22.1,22.6,23.4,22.0,4.47K,-3.49%
2/17/2019,21.0,22.1,23.0,21.0,7.68K,-4.98%
2/24/2019,22.0,22.0,23.4,21.4,14.24K,4.76%
3/3/2019,22.0,22.0,23.2,21.6,18.70K,0.00%
3/10/2019,22.3,22.3,22.7,20.5,53.67K,1.36%
3/17/2019,22.8,22.6,23.8,22.0,45.36K,2.24%
3/24/2019,21.5,23.7,23.7,21.2,62.02K,-5.70%
3/31/2019,23.4,21.2,23.5,21.2,29.91K,8.84%
4/7/2019,22.5,23.2,23.3,22.2,1.28K,-3.85%
4/14/2019,23.1,23.1,23.5,23.0,7.74K,2.67%
4/21/2019,22.7,22.0,23.0,21.5,7.91K,-1.73%
4/28/2019,22.7,22.9,23.0,22.0,4.94K,0.00%
5/5/2019,20.8,22.0,22.7,20.2,10.79K,-8.37%
5/12/2019,23.5,21.8,23.8,19.6,146.66K,12.98%
5/19/2019,23.0,23.9,24.0,22.8,15.02K,-2.13%
5/26/2019,23.8,23.6,24.0,22.0,26.08K,3.48%
6/2/2019,23.3,23.0,23.4,22.0,5.36K,-2.10%
6/9/2019,24.0,23.4,24.0,22.7,12.71K,3.00%
6/16/2019,23.0,23.1,23.2,22.9,12.23K,-4.17%
6/23/2019,23.0,23.0,23.7,22.0,22.09K,0.00%
6/30/2019,23.8,23.0,24.0,22.3,67.57K,3.48%
7/7/2019,23.6,23.6,24.0,22.0,114.67K,-0.84%
7/14/2019,23.7,23.0,24.0,23.0,27.86K,0.42%
7/21/2019,28.4,23.9,28.9,23.0,224.88K,19.83%
7/28/2019,28.8,28.4,31.9,27.4,197.96K,1.41%
8/4/2019,31.1,27.5,31.5,27.4,57.44K,7.99%
8/11/2019,29.7,31.5,31.5,29.0,35.98K,-4.50%
8/18/2019,29.0,29.7,30.0,28.5,13.60K,-2.36%
8/25/2019,29.2,29.0,29.6,28.5,15.52K,0.69%
9/1/2019,31.5,29.2,34.4,27.3,378.04K,7.88%
9/8/2019,30.0,31.9,31.9,29.0,75.46K,-4.76%
9/15/2019,30.0,30.0,30.5,29.3,41.03K,0.00%
9/22/2019,29.5,29.2,30.3,29.1,18.62K,-1.67%
9/29/2019,29.0,29.3,30.0,28.1,9.39K,-1.69%
10/6/2019,29.8,29.0,30.4,28.5,37.31K,2.76%
10/13/2019,30.6,29.9,30.9,28.7,60.63K,2.68%
10/20/2019,31.2,30.9,31.5,29.6,95.05K,1.96%
10/27/2019,32.9,30.5,33.2,30.5,107.76K,5.45%
11/3/2019,32.0,33.0,33.0,31.5,66.80K,-2.74%
11/10/2019,32.9,32.0,33.4,31.6,15.19K,2.81%
11/17/2019,32.5,33.2,34.5,30.2,193.98K,-1.22%
11/24/2019,33.0,33.3,34.0,30.8,91.12K,1.54%
12/1/2019,32.2,33.5,33.5,32.0,16.87K,-2.42%
12/8/2019,32.2,32.2,32.5,30.9,7.23K,0.00%
12/15/2019,30.9,30.7,31.8,29.9,41.26K,-4.04%
12/22/2019,31.2,30.7,31.2,29.8,22.47K,0.97%
12/29/2019,31.0,30.5,32.0,30.5,15.42K,-0.64%
1/5/2020,31.2,31.2,31.2,29.0,15.65K,0.65%
1/12/2020,30.4,31.4,31.4,29.9,2.26K,-2.56%
1/19/2020,30.8,30.9,31.4,29.5,17.85K,1.32%
1/26/2020,31.0,31.0,31.0,29.6,13.25K,0.65%
2/2/2020,30.0,30.8,30.9,29.1,3.53K,-3.23%
2/9/2020,29.7,29.8,30.8,29.5,10.91K,-1.00%
2/16/2020,30.1,29.8,30.8,29.5,5.66K,1.35%
2/23/2020,30.0,30.1,31.4,28.3,9.01K,-0.33%
3/1/2020,27.0,29.0,30.0,26.5,6.01K,-10.00%
3/8/2020,23.9,25.0,27.0,22.1,41.14K,-11.48%
3/15/2020,22.0,22.0,22.0,21.9,10.19K,-7.95%
5/10/2020,25.6,22.0,26.5,18.0,58.15K,16.36%
5/17/2020,27.7,26.0,29.0,26.0,33.69K,8.20%
5/24/2020,27.0,27.8,28.5,26.0,70.15K,-2.53%
5/31/2020,26.1,27.0,27.9,25.5,50.78K,-3.33%
6/7/2020,27.3,27.2,27.8,26.2,15.73K,4.60%
6/14/2020,27.5,27.5,28.2,26.9,17.49K,0.73%
6/21/2020,28.9,27.9,30.0,27.3,82.05K,5.09%
6/28/2020,28.7,28.9,29.5,28.4,35.25K,-0.69%
7/5/2020,28.0,29.0,29.3,28.0,29.53K,-2.44%
7/12/2020,28.4,27.5,29.2,27.0,50.35K,1.43%
7/19/2020,28.5,28.7,28.7,28.0,18.34K,0.35%
7/26/2020,29.0,28.4,29.5,28.0,180.31K,1.75%
8/2/2020,28.6,29.0,29.0,28.5,10.07K,-1.38%
8/9/2020,29.9,28.7,30.4,28.6,349.89K,4.55%
8/16/2020,29.5,30.2,31.0,29.5,268.36K,-1.34%
8/23/2020,30.0,29.5,30.0,29.5,352.94K,1.69%
8/30/2020,30.0,30.0,30.4,29.5,16.18K,0.00%
9/6/2020,30.3,30.3,31.0,29.6,211.51K,1.00%
9/13/2020,31.0,30.4,31.6,29.9,322.85K,2.31%
9/20/2020,30.6,31.3,31.3,30.3,251.52K,-1.29%
9/27/2020,32.8,31.0,33.5,31.0,1.17M,7.19%
10/4/2020,31.3,32.0,33.2,29.3,269.04K,-4.57%
10/11/2020,31.1,31.5,31.8,30.0,145.67K,-0.64%
10/18/2020,31.0,31.7,32.5,29.0,223.32K,-0.32%
10/25/2020,30.9,30.0,31.8,29.5,109.03K,-0.32%
11/1/2020,33.0,31.1,34.1,30.9,643.08K,6.80%
11/8/2020,33.1,33.1,33.5,32.0,155.44K,0.30%
11/15/2020,32.5,33.3,34.0,32.1,98.44K,-1.81%
11/22/2020,32.6,32.6,32.9,32.2,81.09K,0.31%
11/29/2020,32.7,32.7,32.9,32.2,121.49K,0.31%
12/6/2020,34.2,32.9,34.8,32.7,180.53K,4.59%
12/13/2020,33.9,34.3,34.3,33.6,92.38K,-0.88%
12/20/2020,33.6,33.9,33.9,33.0,95.30K,-0.88%
12/27/2020,33.7,33.5,34.0,33.4,31.96K,0.30%
1/3/2021,36.5,33.9,37.5,33.7,372.25K,8.31%
1/10/2021,42.7,36.5,42.9,36.0,472.56K,16.99%
1/17/2021,39.9,42.7,42.9,38.4,347.96K,-6.56%
1/24/2021,40.0,40.5,40.5,38.4,204.04K,0.25%
1/31/2021,38.4,39.0,39.9,35.4,126.65K,-4.00%
2/7/2021,37.7,38.4,38.7,34.8,94.45K,-1.82%
2/14/2021,36.5,37.7,37.7,35.0,74.70K,-3.18%
2/21/2021,34.8,36.2,36.2,34.3,46.70K,-4.66%
2/28/2021,33.1,35.7,35.8,33.0,27.42K,-4.89%
3/7/2021,33.5,33.0,35.0,32.0,63.29K,1.21%
3/14/2021,32.0,34.0,34.5,31.5,144.86K,-4.48%
3/21/2021,32.5,32.0,33.0,31.6,66.60K,1.56%
3/28/2021,33.3,33.2,33.3,32.2,50.45K,2.46%
4/4/2021,35.7,33.4,35.8,33.4,46.88K,7.21%
4/11/2021,36.0,35.8,36.5,35.3,51.37K,0.84%
4/18/2021,34.9,36.0,36.0,33.2,115.17K,-3.06%
4/25/2021,33.2,33.7,34.8,32.6,84.63K,-4.87%
5/2/2021,32.9,33.8,33.8,32.7,44.06K,-0.90%
5/9/2021,32.5,33.2,33.2,32.4,57.44K,-1.22%
5/16/2021,33.8,33.0,34.2,32.0,111.64K,4.00%
5/23/2021,33.8,33.8,33.9,33.0,18.17K,0.00%
5/30/2021,34.1,33.8,35.4,33.8,92.91K,0.89%
6/6/2021,34.0,35.1,35.1,33.5,23.19K,-0.29%
6/13/2021,33.9,34.0,34.5,33.3,43.29K,-0.29%
6/20/2021,33.8,34.4,34.5,33.4,14.94K,-0.29%
6/27/2021,34.0,33.9,34.5,32.2,29.90K,0.59%
7/4/2021,33.8,34.0,34.0,32.8,19.84K,-0.59%
7/11/2021,33.6,33.8,34.0,32.5,97.50K,-0.59%
7/18/2021,34.4,33.7,34.5,33.2,56.85K,2.38%
7/25/2021,34.0,34.0,34.5,33.4,31.62K,-1.16%
8/1/2021,33.9,34.5,35.0,33.4,65.50K,-0.29%
8/8/2021,33.8,34.9,35.0,33.5,19.56K,-0.29%
8/15/2021,34.1,33.8,34.5,32.5,43.91K,0.89%
8/22/2021,33.7,34.1,34.2,33.2,97.21K,-1.17%
8/29/2021,32.3,33.5,33.5,32.0,315.00K,-4.15%
9/5/2021,37.5,33.3,39.2,33.0,858.99K,16.10%
9/12/2021,36.3,37.2,37.8,35.6,458.33K,-3.20%
9/19/2021,37.8,36.5,37.9,35.8,126.77K,4.13%
9/26/2021,36.7,37.9,37.9,36.5,63.54K,-2.91%
10/3/2021,36.0,37.4,37.4,36.0,109.16K,-1.91%
10/10/2021,36.9,36.0,37.5,35.1,59.22K,2.50%
10/17/2021,36.5,36.5,37.5,35.0,27.77K,-1.08%
10/24/2021,37.0,37.0,37.4,35.5,44.91K,1.37%
10/31/2021,36.5,37.0,37.5,35.6,18.30K,-1.35%
11/7/2021,36.3,36.6,36.9,35.7,34.05K,-0.55%
11/14/2021,36.8,35.5,37.6,35.0,128.12K,1.38%
11/21/2021,36.9,36.8,37.2,35.0,106.91K,0.27%
11/28/2021,36.9,38.0,38.0,35.7,74.15K,0.00%
12/5/2021,37.8,36.0,40.0,36.0,157.82K,2.44%
12/12/2021,38.0,37.6,38.9,37.1,71.63K,0.53%
12/19/2021,38.5,38.7,40.0,36.1,75.30K,1.32%
12/26/2021,39.4,37.3,41.0,37.0,134.55K,2.34%
1/2/2022,42.0,38.8,42.0,37.8,634.84K,6.60%
1/9/2022,67.0,41.5,68.5,41.5,6.34M,59.52%
1/16/2022,58.5,70.0,70.0,55.8,1.59M,-12.69%
1/23/2022,53.0,58.0,61.1,49.2,1.53M,-9.40%
1/30/2022,57.7,55.0,63.0,51.0,1.81M,8.87%
2/6/2022,52.1,55.0,57.9,50.0,250.41K,-9.71%
2/13/2022,52.5,54.0,58.0,50.0,275.47K,0.77%
2/20/2022,44.9,50.1,51.0,39.5,270.80K,-14.48%
2/27/2022,45.5,44.9,48.5,43.0,145.49K,1.34%
3/6/2022,42.0,45.9,47.5,40.0,340.33K,-7.69%
3/13/2022,43.0,43.9,44.4,39.9,69.61K,2.38%
3/20/2022,42.0,44.0,44.0,40.4,52.24K,-2.33%
3/27/2022,34.0,41.1,41.1,33.5,309.61K,-19.05%
4/3/2022,35.1,34.0,39.9,33.0,88.66K,3.24%
4/24/2022,38.0,33.5,40.0,30.0,111.75K,8.26%
5/1/2022,37.8,39.7,40.0,36.5,126.93K,-0.53%
5/8/2022,37.6,36.5,38.6,36.0,30.14K,-0.53%
5/15/2022,35.0,37.6,38.0,34.0,126.85K,-6.91%
5/22/2022,33.0,36.9,38.0,32.0,340.56K,-5.71%
5/29/2022,34.3,33.3,35.0,32.9,39.17K,3.94%
6/5/2022,32.6,33.5,35.0,31.6,74.07K,-4.96%
6/12/2022,33.3,33.6,33.7,31.6,37.90K,2.15%
6/19/2022,30.4,33.0,33.0,29.9,97.18K,-8.71%
6/26/2022,30.0,31.5,31.5,28.7,230.89K,-1.32%
7/3/2022,29.6,30.0,31.0,29.1,33.33K,-1.33%
7/10/2022,29.5,29.8,31.4,29.5,35.80K,-0.34%
7/17/2022,32.8,30.0,33.0,28.7,81.40K,11.19%
7/24/2022,31.0,32.8,32.9,30.0,161.82K,-5.49%
7/31/2022,35.1,31.8,37.5,30.0,316.33K,13.23%
8/7/2022,33.4,36.5,36.9,32.0,196.94K,-4.84%
8/14/2022,52.7,34.0,52.7,33.0,484.36K,57.78%
8/21/2022,46.6,58.1,65.8,46.0,1.41M,-11.57%
8/28/2022,48.7,42.0,54.0,42.0,248.84K,4.51%
9/4/2022,48.4,51.5,52.8,48.0,248.39K,-0.62%
9/11/2022,47.0,50.0,50.0,46.0,129.43K,-2.89%
9/18/2022,45.2,47.0,48.4,44.0,165.32K,-3.83%
9/25/2022,44.2,45.5,45.5,42.6,232.12K,-2.21%
10/2/2022,50.0,44.8,54.0,42.6,610.41K,13.12%
10/9/2022,67.0,50.0,68.0,48.0,2.91M,34.00%
10/16/2022,58.5,70.0,72.0,55.6,1.76M,-12.69%
10/23/2022,60.1,58.0,64.0,55.0,468.59K,2.74%
10/30/2022,58.8,59.0,63.0,57.0,443.30K,-2.16%
11/6/2022,60.0,58.2,62.5,54.1,301.54K,2.04%
11/13/2022,71.0,60.0,77.0,60.0,6.34M,18.33%
11/20/2022,72.0,71.4,78.9,68.3,1.13M,1.41%
11/27/2022,68.6,71.0,72.9,67.0,583.05K,-4.72%
12/4/2022,69.5,68.0,73.0,65.9,86.19K,1.31%
12/11/2022,64.0,70.9,70.9,63.7,221.64K,-7.91%
12/18/2022,67.0,64.1,67.9,60.5,316.91K,4.69%
12/25/2022,67.9,67.3,73.5,66.1,585.54K,1.34%
1/1/2023,65.8,68.0,69.1,65.0,139.56K,-3.09%
1/8/2023,63.1,69.6,72.5,63.0,424.82K,-4.10%
1/15/2023,64.7,63.0,65.9,62.0,163.13K,2.54%
1/22/2023,66.0,64.9,70.0,62.1,570.55K,2.01%
1/29/2023,67.0,65.8,69.0,64.5,570.32K,1.52%
2/5/2023,72.5,68.0,74.5,67.0,2.74M,8.21%
2/12/2023,72.0,71.1,73.0,67.6,1.03M,-0.69%
2/19/2023,86.3,70.5,91.9,70.0,5.01M,19.86%
2/26/2023,89.0,86.0,89.5,83.3,515.38K,3.13%
3/5/2023,83.1,89.0,89.0,82.0,751.03K,-6.63%
3/12/2023,79.5,83.1,83.8,79.0,780.00K,-4.33%
3/19/2023,111.0,79.8,121.75,79.8,10.08M,39.62%
3/26/2023,94.7,112.5,117.0,91.5,2.24M,-14.68%
4/2/2023,102.0,91.5,102.0,89.6,1.33M,7.71%
4/9/2023,99.4,100.0,102.75,96.2,258.99K,-2.55%
